{
  "display": {
    "icon": {
      "item": "minecraft:coal_block"
    },
    "title": {
      "translate": "advancements.alittledangerous.title"
    },
    "description": {
      "translate": "advancements.alittledangerous.descr"
    },
    "frame": "task",
    "show_toast": true,
    "announce_to_chat": true,
    "hidden": false
  },
  "criteria": {
    "alittledangerous": {
      "trigger": "minecraft:location",
      "conditions": {
        "biome": "ore_block_biome:coalbiome"
      }
    }
  },
  "rewards": {
    "experience": 1
  },
  "parent": "ore_block_biome:oreblockbiome"
}