{
  "display": {
    "background": "minecraft:textures/blocks/diamond_block.png",
    "icon": {
      "item": "minecraft:diamond_boots"
    },
    "title": {
      "translate": "advancements.oreblockbiome.title"
    },
    "description": {
      "translate": "advancements.oreblockbiome.descr"
    },
    "frame": "task",
    "show_toast": false,
    "announce_to_chat": false,
    "hidden": false
  },
  "criteria": {
    "oreblockbiome": {
      "trigger": "minecraft:tick"
    }
  },
  "rewards": {
    "experience": 1
  }
}