{
  "_fv": 18,
  "_type": "achievement",
  "definition": {
    "achievementName": "a little dangerous",
    "achievementDescription": "go to coal biome",
    "achievementIcon": {
      "value": "Blocks.COAL_BLOCK"
    },
    "background": "Default",
    "disableDisplay": false,
    "showPopup": true,
    "announceToChat": true,
    "hideIfNotCompleted": false,
    "rewardLoot": [],
    "rewardRecipes": [],
    "rewardFunction": "No function",
    "rewardXP": 1,
    "achievementType": "task",
    "parent": {
      "value": "CUSTOM:Oreblockbiome"
    },
    "triggerxml": "<xml xmlns=\"https://developers.google.com/blockly/xml\"><block type=\"biome_entered\" x=\"42\" y=\"46\"><field name=\"biome\">CUSTOM:Coalbiome</field><next><block type=\"advancement_trigger\" deletable=\"false\"></block></next></block></xml>"
  }
}