{
  "_fv": 18,
  "_type": "structure",
  "definition": {
    "structure": "diamond_house",
    "randomlyRotateStructure": true,
    "surfaceDetectionType": "First motion blocking block",
    "spawnProbability": 30000,
    "minCountPerChunk": 1,
    "maxCountPerChunk": 1,
    "spawnLocation": "Ground",
    "spawnHeightOffset": 0,
    "spawnXOffset": 1,
    "spawnZOffset": 0,
    "spawnWorldTypes": [
      "Surface"
    ],
    "restrictionBlocks": [
      {
        "value": "Blocks.DIAMOND_BLOCK"
      },
      {
        "value": "Blocks.AIR"
      }
    ],
    "restrictionBiomes": [
      {
        "value": "CUSTOM:Diamondbiome"
      }
    ],
    "ignoreBlocks": "STRUCTURE_BLOCK"
  }
}