{
  "_fv": 18,
  "_type": "biome",
  "definition": {
    "name": "emerald biome",
    "groundBlock": {
      "value": "Blocks.EMERALD_BLOCK"
    },
    "undergroundBlock": {
      "value": "Blocks.EMERALD_BLOCK"
    },
    "airColor": {
      "value": -16724992,
      "falpha": 0.0
    },
    "grassColor": {
      "value": -16724992,
      "falpha": 0.0
    },
    "foliageColor": {
      "value": -16724992,
      "falpha": 0.0
    },
    "ambientSound": {
      "value": ""
    },
    "additionsSound": {
      "value": ""
    },
    "music": {
      "value": ""
    },
    "moodSound": {
      "value": ""
    },
    "moodSoundDelay": 6000,
    "spawnParticles": false,
    "particleToSpawn": {
      "value": "EXPLOSION_NORMAL"
    },
    "particlesProbability": 0.5,
    "biomeCategory": "NONE",
    "parent": {
      "value": "mountains"
    },
    "rainingPossibility": 0.30000000000000004,
    "temperature": 1.0,
    "baseHeight": 0.2,
    "heightVariation": 0.1,
    "biomeType": "WARM",
    "spawnBiome": true,
    "biomeWeight": 2,
    "biomeDictionaryTypes": [
      "MESA",
      "PLAINS"
    ],
    "grassPerChunk": 0,
    "seagrassPerChunk": 0,
    "flowersPerChunk": 0,
    "mushroomsPerChunk": 0,
    "bigMushroomsChunk": 0,
    "sandPatchesPerChunk": 0,
    "gravelPatchesPerChunk": 0,
    "reedsPerChunk": 0,
    "cactiPerChunk": 0,
    "treesPerChunk": 0,
    "vanillaTreeType": "Default",
    "treeType": 0,
    "minHeight": 7,
    "maxWaterDepth": 0,
    "treeStem": {
      "value": ""
    },
    "treeBranch": {
      "value": ""
    },
    "treeVines": {
      "value": ""
    },
    "treeFruits": {
      "value": ""
    },
    "spawnStronghold": false,
    "spawnMineshaft": true,
    "spawnPillagerOutpost": false,
    "villageType": "plains",
    "spawnWoodlandMansion": false,
    "spawnJungleTemple": false,
    "spawnDesertPyramid": false,
    "spawnIgloo": false,
    "spawnOceanMonument": false,
    "spawnShipwreck": false,
    "oceanRuinType": "NONE",
    "defaultFeatures": [],
    "spawnEntries": [
      {
        "entity": {
          "value": "EntityVillager"
        },
        "minGroup": 2,
        "maxGroup": 4,
        "weight": 19,
        "spawnType": "creature"
      }
    ]
  }
}