{
  "_fv": 18,
  "_type": "achievement",
  "definition": {
    "achievementName": "Ore block biome",
    "achievementDescription": "Ore block biome progress",
    "achievementIcon": {
      "value": "Items.DIAMOND_BOOTS"
    },
    "background": "Default",
    "disableDisplay": false,
    "showPopup": false,
    "announceToChat": false,
    "hideIfNotCompleted": false,
    "rewardLoot": [],
    "rewardRecipes": [],
    "rewardFunction": "No function",
    "rewardXP": 1,
    "achievementType": "task",
    "parent": {
      "value": "No parent: root"
    },
    "triggerxml": "<xml xmlns=\"https://developers.google.com/blockly/xml\"><block type=\"tick\" x=\"56\" y=\"72\"><next><block type=\"advancement_trigger\" deletable=\"false\"></block></next></block></xml>"
  }
}